,imp_var,score
0,CCI,0.0005609701702318252
4,pdi,0.002279941157783178
6,adx,0.002667006532790679
7,Divergence Factor 1,0.10319486647361471
